Data Source,World Development Indicators,,,,,,,,,,,,,,,,,,,,,,,,,,,,,,,,,,,,,,,,,,,,,,,,,,,,,,,,
,,,,,,,,,,,,,,,,,,,,,,,,,,,,,,,,,,,,,,,,,,,,,,,,,,,,,,,,,
Country Name,Country Code,Indicator Name,Indicator Code,1960,1961,1962,1963,1964,1965,1966,1967,1968,1969,1970,1971,1972,1973,1974,1975,1976,1977,1978,1979,1980,1981,1982,1983,1984,1985,1986,1987,1988,1989,1990,1991,1992,1993,1994,1995,1996,1997,1998,1999,2000,2001,2002,2003,2004,2005,2006,2007,2008,2009,2010,2011,2012,2013
Aruba,ABW,Market capitalization of listed companies (current US$),CM.MKT.LCAP.CD,,,,,,,,,,,,,,,,,,,,,,,,,,,,,,,,,,,,,,,,,,,,,,,,,,,,,,
Andorra,AND,Market capitalization of listed companies (current US$),CM.MKT.LCAP.CD,,,,,,,,,,,,,,,,,,,,,,,,,,,,,,,,,,,,,,,,,,,,,,,,,,,,,,
Afghanistan,AFG,Market capitalization of listed companies (current US$),CM.MKT.LCAP.CD,,,,,,,,,,,,,,,,,,,,,,,,,,,,,,,,,,,,,,,,,,,,,,,,,,,,,,
Angola,AGO,Market capitalization of listed companies (current US$),CM.MKT.LCAP.CD,,,,,,,,,,,,,,,,,,,,,,,,,,,,,,,,,,,,,,,,,,,,,,,,,,,,,,
Albania,ALB,Market capitalization of listed companies (current US$),CM.MKT.LCAP.CD,,,,,,,,,,,,,,,,,,,,,,,,,,,,,,,,,,,,,,,,,,,,,,,,,,,,,,
Andean Region,ANR,Market capitalization of listed companies (current US$),CM.MKT.LCAP.CD,,,,,,,,,,,,,,,,,,,,,,,,,,,,,,,,,,,,,,,,,,,,,,,,,,,,,,
Arab World,ARB,Market capitalization of listed companies (current US$),CM.MKT.LCAP.CD,,,,,,,,,,,,,,,,,,,,,,,,,,,,,,,,,,,,,,,1.35905E+11,1.61735E+11,1.5867E+11,1.55377E+11,1.82668E+11,3.4429E+11,5.91941E+11,1.16888E+12,8.23417E+11,1.24564E+12,7.40332E+11,8.26109E+11,9.22633E+11,8.31666E+11,8.60421E+11,
United Arab Emirates,ARE,Market capitalization of listed companies (current US$),CM.MKT.LCAP.CD,,,,,,,,,,,,,,,,,,,,,,,,,,,,,,,,,,,,,,,9069291553,7686981662,5727314410,5773601922,20376310683,30363231858,55488400000,1.15952E+11,80742600000,1.21114E+11,68812200000,80199100000,77080700000,71326900000,67950505023,
Argentina,ARG,Market capitalization of listed companies (current US$),CM.MKT.LCAP.CD,,,,,,,,,,,,,,,,,,,,,,,,,,,,,2020000000,4220000000,3270000128,18499999744,18599999488,44000002048,36899999744,37783000000,44679000000,59252000000,45332000000,83887408700,1.66068E+11,1.92499E+11,1.03434E+11,38927340000,46432020000,61477590000,79730410000,86684200000,52309391298,48932431697,63909793555,43579790892,34240748272,
Armenia,ARM,Market capitalization of listed companies (current US$),CM.MKT.LCAP.CD,,,,,,,,,,,,,,,,,,,,,,,,,,,,,,,,,,,,,,,,,,2147314.123,10200106,27112491.17,18104808.17,42800000,60171483.88,105000000,176021426.6,140509762.9,144785219,139583612,132149288.9,
American Samoa,ASM,Market capitalization of listed companies (current US$),CM.MKT.LCAP.CD,,,,,,,,,,,,,,,,,,,,,,,,,,,,,,,,,,,,,,,,,,,,,,,,,,,,,,
Antigua and Barbuda,ATG,Market capitalization of listed companies (current US$),CM.MKT.LCAP.CD,,,,,,,,,,,,,,,,,,,,,,,,,,,,,,,,,,,,,,,,,,,,,,,,,,,,,,
Australia,AUS,Market capitalization of listed companies (current US$),CM.MKT.LCAP.CD,,,,,,,,,,,,,,,,,,,,,,,,,,,,,1.38E+11,1.41E+11,1.09E+11,1.49E+11,1.45E+11,2.04866E+11,2.18865E+11,2.45218E+11,3.11981E+11,2.95785E+11,3.28949E+11,4.27683E+11,3.72794E+11,3.75131E+11,3.78846E+11,5.85475E+11,7.76403E+11,8.04074E+11,1.09586E+12,1.29843E+12,6.75619E+11,1.25846E+12,1.45455E+12,1.19816E+12,1.28644E+12,
Austria,AUT,Market capitalization of listed companies (current US$),CM.MKT.LCAP.CD,,,,,,,,,,,,,,,,,,,,,,,,,,,,,8860000256,22300000256,11500000256,7689999872,21799999488,28437000192,30272000000,32513000000,33953000000,35724000000,34106000000,33024519200,29935200000,24511619624,31899464792,55085771948,86343618323,1.2439E+11,1.913E+11,2.28707E+11,72299836620,53578044956,67682829563,82373779948,1.06037E+11,
Azerbaijan,AZE,Market capitalization of listed companies (current US$),CM.MKT.LCAP.CD,,,,,,,,,,,,,,,,,,,,,,,,,,,,,,,,,,,,,,,3000000,,,,,,,,,,,,,,,
Burundi,BDI,Market capitalization of listed companies (current US$),CM.MKT.LCAP.CD,,,,,,,,,,,,,,,,,,,,,,,,,,,,,,,,,,,,,,,,,,,,,,,,,,,,,,
Belgium,BEL,Market capitalization of listed companies (current US$),CM.MKT.LCAP.CD,,,,,,,,,,,,,,,,,,,,,,,,,,,,,58900000768,74599997440,65400000512,71299997696,64199999488,78066999296,84102995968,1.0496E+11,1.19831E+11,1.36965E+11,2.45657E+11,1.84942E+11,1.82481E+11,1.65843E+11,1.27556E+11,1.73553E+11,2.73247E+11,2.88515E+11,3.9622E+11,3.86362E+11,1.67447E+11,2.61429E+11,2.69342E+11,2.29896E+11,3.00058E+11,
Benin,BEN,Market capitalization of listed companies (current US$),CM.MKT.LCAP.CD,,,,,,,,,,,,,,,,,,,,,,,,,,,,,,,,,,,,,,,,,,,,,,,,,,,,,,
Burkina Faso,BFA,Market capitalization of listed companies (current US$),CM.MKT.LCAP.CD,,,,,,,,,,,,,,,,,,,,,,,,,,,,,,,,,,,,,,,,,,,,,,,,,,,,,,
Bangladesh,BGD,Market capitalization of listed companies (current US$),CM.MKT.LCAP.CD,,,,,,,,,,,,,,,,,,,,,,,,,,,,,430000000,476000000,321000000,269000000,314000000,453000000,1050000000,1338000000,4551000000,1537000000,1034000000,865403300,1185950000,1144560000,1192930000,1621510000,3316980000,3035400000,3610260000,6793230000,6670562037,7067627057,15683336065,23546000000,17479193048,
Bulgaria,BGR,Market capitalization of listed companies (current US$),CM.MKT.LCAP.CD,,,,,,,,,,,,,,,,,,,,,,,,,,,,,,,,,,,,61000000,7000000,2000000,992000000,706269000,617260000,504790000,733310000,1755120000,2803960000,5085590000,10324980000,21792990000,8857549047,7103248310,7275908438,8253157432,6666184921,
Bahrain,BHR,Market capitalization of listed companies (current US$),CM.MKT.LCAP.CD,,,,,,,,,,,,,,,,,,,,,,,,,,,,,,,,,,,,,,,6770000000,7155396400,6624350000,6599520000,6854570000,9701780000,13513180000,17364300000,21122390000,28133540000,21176551724,16933187987,20429312833,17152201592,16064898555,
"Bahamas, The",BHS,Market capitalization of listed companies (current US$),CM.MKT.LCAP.CD,,,,,,,,,,,,,,,,,,,,,,,,,,,,,,,,,,,,,,,,,,,,,,,,,,,,,,
Bosnia and Herzegovina,BIH,Market capitalization of listed companies (current US$),CM.MKT.LCAP.CD,,,,,,,,,,,,,,,,,,,,,,,,,,,,,,,,,,,,,,,,,,,,,,,,,,,,,,
Belarus,BLR,Market capitalization of listed companies (current US$),CM.MKT.LCAP.CD,,,,,,,,,,,,,,,,,,,,,,,,,,,,,,,,,,,,,,,,,,,,,,,,,,,,,,
Belize,BLZ,Market capitalization of listed companies (current US$),CM.MKT.LCAP.CD,,,,,,,,,,,,,,,,,,,,,,,,,,,,,,,,,,,,,,,,,,,,,,,,,,,,,,
Bermuda,BMU,Market capitalization of listed companies (current US$),CM.MKT.LCAP.CD,,,,,,,,,,,,,,,,,,,,,,,,,,,,,,,,,,,,,,1411000000,1500000000,1300000000,2145900000,2469000000,2175000000,2901000000,1852000000,2124780000,2704330402,2731110000,1912330000,1360190000,1534950000,1435708145,1486900000,
Bolivia,BOL,Market capitalization of listed companies (current US$),CM.MKT.LCAP.CD,,,,,,,,,,,,,,,,,,,,,,,,,,,,,,,,,,,24000000,97000000,114000000,328000000,570000000,689666700,1741875000,1555000000,1468667000,1282015126,1988085783,2200000000,2222926829,2263000000,2672430000,2792440000,3388000000,4125080000,4445020000,
Brazil,BRA,Market capitalization of listed companies (current US$),CM.MKT.LCAP.CD,,,,,,,,,,,,,,,,,,,,,,,,,,,,,32099999744,44400001024,16400000000,42800001024,45299998720,99399999488,1.89E+11,1.47636E+11,2.1699E+11,2.55478E+11,1.60887E+11,2.27962E+11,2.26152E+11,1.86238E+11,1.23807E+11,2.3456E+11,3.30347E+11,4.74647E+11,7.111E+11,1.37038E+12,5.89384E+11,1.16733E+12,1.54557E+12,1.22897E+12,1.22985E+12,
Barbados,BRB,Market capitalization of listed companies (current US$),CM.MKT.LCAP.CD,,,,,,,,,,,,,,,,,,,,,,,,,,,,,,,282000000,308000000,259000000,328000000,518000000,494000000,770000000,1141000000,2412000000,2007665000,1689519550,1828000000,3441260000,3492779412,5229773869,5512884422,4954359468,5599280000,4963515438,4389578338,4365595687,4571308035,4494777567,
Brunei Darussalam,BRN,Market capitalization of listed companies (current US$),CM.MKT.LCAP.CD,,,,,,,,,,,,,,,,,,,,,,,,,,,,,,,,,,,,,,,,,,,,,,,,,,,,,,
Bhutan,BTN,Market capitalization of listed companies (current US$),CM.MKT.LCAP.CD,,,,,,,,,,,,,,,,,,,,,,,,,,,,,,,,,,,,,33000000,36000000,39000000,,,,,,,,,,,,,,,
Botswana,BWA,Market capitalization of listed companies (current US$),CM.MKT.LCAP.CD,,,,,,,,,,,,,,,,,,,,,,,,,,,,,,,,261000000,295000000,261000000,377000000,398000000,326000000,614000000,724000000,1052202200,977610000,1268670000,1722840000,2130710000,2548270000,2436730000,3946980000,5887210000,3555774353,4278000000,4075950000,4106891988,4587518585,
Sub-Saharan Africa (IFC classification),CAA,Market capitalization of listed companies (current US$),CM.MKT.LCAP.CD,,,,,,,,,,,,,,,,,,,,,,,,,,,,,,,,,,,,,,,,,,,,,,,,,,,,,,
Central African Republic,CAF,Market capitalization of listed companies (current US$),CM.MKT.LCAP.CD,,,,,,,,,,,,,,,,,,,,,,,,,,,,,,,,,,,,,,,,,,,,,,,,,,,,,,
Canada,CAN,Market capitalization of listed companies (current US$),CM.MKT.LCAP.CD,,,,,,,,,,,,,,,,,,,,,,,,,,,,,2.42E+11,2.91E+11,2.42E+11,2.67E+11,2.43E+11,3.26524E+11,3.15009E+11,3.66344E+11,4.86268E+11,5.67635E+11,5.43394E+11,8.00914E+11,8.41385E+11,7.00751E+11,5.75316E+11,8.9395E+11,1.17752E+12,1.48089E+12,1.70071E+12,2.18655E+12,1.00222E+12,1.68096E+12,2.16023E+12,1.90659E+12,2.01612E+12,
East Asia and the Pacific (IFC classification),CEA,Market capitalization of listed companies (current US$),CM.MKT.LCAP.CD,,,,,,,,,,,,,,,,,,,,,,,,,,,,,,,,,,,,,,,,,,,,,,,,,,,,,,
Central Europe and the Baltics,CEB,Market capitalization of listed companies (current US$),CM.MKT.LCAP.CD,,,,,,,,,,,,,,,,,,,,,,,,,,,,,,,,,,,12850999744,25082000000,38675000000,51353500000,57122000000,68413171100,66492570000,59437860000,78139490000,1.03376E+11,1.84632E+11,2.29882E+11,3.51322E+11,5.16306E+11,2.37268E+11,3.04711E+11,3.48322E+11,2.64442E+11,2.98621E+11,
Europe and Central Asia (IFC classification),CEU,Market capitalization of listed companies (current US$),CM.MKT.LCAP.CD,,,,,,,,,,,,,,,,,,,,,,,,,,,,,,,,,,,,,,,,,,,,,,,,,,,,,,
Switzerland,CHE,Market capitalization of listed companies (current US$),CM.MKT.LCAP.CD,,,,,,,,,,,,,,,,,,,,,,,,,,,,,1.41E+11,1.71E+11,1.6E+11,1.74E+11,1.95E+11,2.71713E+11,2.84092E+11,4.33621E+11,4.02104E+11,5.75338E+11,6.89199E+11,6.93127E+11,7.92316E+11,6.25815E+11,5.52549E+11,7.26949E+11,8.25849E+11,9.38624E+11,1.21251E+12,1.27452E+12,8.62663E+11,1.07069E+12,1.22936E+12,9.32207E+11,1.07902E+12,
Channel Islands,CHI,Market capitalization of listed companies (current US$),CM.MKT.LCAP.CD,,,,,,,,,,,,,,,,,,,,,,,,,,,,,,,,,,,,,,,,,,,,,,,,,,,,,,
Chile,CHL,Market capitalization of listed companies (current US$),CM.MKT.LCAP.CD,,,,,,,,,,,,,,,,,,,,,,,,,,,,,6849999872,9589999616,13600000000,28000000000,29600000000,44600000512,68200001536,73860000000,65940000000,72046000000,51866000000,68227524200,60400770000,56309720000,47584210000,86291370000,1.17065E+11,1.36446E+11,1.74556E+11,2.1291E+11,1.32428E+11,2.09475E+11,3.41584E+11,2.70289E+11,3.13325E+11,
China,CHN,Market capitalization of listed companies (current US$),CM.MKT.LCAP.CD,,,,,,,,,,,,,,,,,,,,,,,,,,,,,,,,2030000000,18300000256,40599998464,43499999232,42055000000,1.13755E+11,2.06366E+11,2.31322E+11,3.30703E+11,5.80991E+11,5.23952E+11,4.6308E+11,6.81204E+11,6.39765E+11,7.80763E+11,2.42633E+12,6.22631E+12,2.79361E+12,5.00765E+12,4.76284E+12,3.3891E+12,3.69738E+12,
Cote d'Ivoire,CIV,Market capitalization of listed companies (current US$),CM.MKT.LCAP.CD,,,,,,,,,,,,,,,,,,,,,,,,,,,,,437000000,531000000,549000000,541000000,483000000,414000000,428000000,866000000,914000000,1276000000,1818000000,1514155400,1185260000,1164650000,1328140000,1650130000,2082620000,2327380000,4155260000,8352890000,7070749775,6141288223,7099215729,6288000000,7828691788,
Latin America and the Caribbean (IFC classification),CLA,Market capitalization of listed companies (current US$),CM.MKT.LCAP.CD,,,,,,,,,,,,,,,,,,,,,,,,,,,,,,,,,,,,,,,,,,,,,,,,,,,,,,
Middle East and North Africa (IFC classification),CME,Market capitalization of listed companies (current US$),CM.MKT.LCAP.CD,,,,,,,,,,,,,,,,,,,,,,,,,,,,,,,,,,,,,,,,,,,,,,,,,,,,,,
Cameroon,CMR,Market capitalization of listed companies (current US$),CM.MKT.LCAP.CD,,,,,,,,,,,,,,,,,,,,,,,,,,,,,,,,,,,,,,,,,,,,,,,,,,,,,,
"Congo, Rep.",COG,Market capitalization of listed companies (current US$),CM.MKT.LCAP.CD,,,,,,,,,,,,,,,,,,,,,,,,,,,,,,,,,,,,,,,,,,,,,,,,,,,,,,
Colombia,COL,Market capitalization of listed companies (current US$),CM.MKT.LCAP.CD,,,,,,,,,,,,,,,,,,,,,,,,,,,,,1140000000,1140000000,1420000000,4040000000,5680000000,9240000512,14000000000,17893000000,17137000000,19529500000,13357000000,11590218200,9559580000,13216810000,9663710000,14258480000,25222880000,46016190000,56204320000,1.01956E+11,87032363670,1.33301E+11,2.08502E+11,2.01296E+11,2.62101E+11,
Comoros,COM,Market capitalization of listed companies (current US$),CM.MKT.LCAP.CD,,,,,,,,,,,,,,,,,,,,,,,,,,,,,,,,,,,,,,,,,,,,,,,,,,,,,,
Cabo Verde,CPV,Market capitalization of listed companies (current US$),CM.MKT.LCAP.CD,,,,,,,,,,,,,,,,,,,,,,,,,,,,,,,,,,,,,,,,,,,,,,,,,,,,,,
Costa Rica,CRI,Market capitalization of listed companies (current US$),CM.MKT.LCAP.CD,,,,,,,,,,,,,,,,,,,,,,,,,,,,,,,,,475000000,434000000,,,781000000,820000000,1308000000,2303283100,2923700000,3042600000,2586000000,2217433000,1409038882,1478219294,1944329894,2035260000,1887039730,1451605555,1444918138,1443051847,2014716115,
South Asia (IFC classification),CSA,Market capitalization of listed companies (current US$),CM.MKT.LCAP.CD,,,,,,,,,,,,,,,,,,,,,,,,,,,,,,,,,,,,,,,,,,,,,,,,,,,,,,
Caribbean small states,CSS,Market capitalization of listed companies (current US$),CM.MKT.LCAP.CD,,,,,,,,,,,,,,,,,,,,,,,,,,,,,,,,,,,,,,,,,,,,22936698717,37072764743,35972931942,33293805186,34241604770,25519059293,22671014679,24113782189,27557977900,26661581928,
Cuba,CUB,Market capitalization of listed companies (current US$),CM.MKT.LCAP.CD,,,,,,,,,,,,,,,,,,,,,,,,,,,,,,,,,,,,,,,,,,,,,,,,,,,,,,
Curacao,CUW,Market capitalization of listed companies (current US$),CM.MKT.LCAP.CD,,,,,,,,,,,,,,,,,,,,,,,,,,,,,,,,,,,,,,,,,,,,,,,,,,,,,,
Cayman Islands,CYM,Market capitalization of listed companies (current US$),CM.MKT.LCAP.CD,,,,,,,,,,,,,,,,,,,,,,,,,,,,,,,,,,,,,,42000000,190000000,315000000,250000000,188358000,139433000,122310000,146772556,110079000,188359000,183465695,,,,,,
Cyprus,CYP,Market capitalization of listed companies (current US$),CM.MKT.LCAP.CD,,,,,,,,,,,,,,,,,,,,,,,,,,,,,,,,1290000000,1180000000,981000000,1334000000,2516000000,2355000000,2011000000,2618000000,6949599084,4351415816,6186540367,4990469907,4804411448,4880184572,6583190757,15900114025,29478593362,7954561125,4992819097,6834124010,2853216867,1995662080,
Czech Republic,CZE,Market capitalization of listed companies (current US$),CM.MKT.LCAP.CD,,,,,,,,,,,,,,,,,,,,,,,,,,,,,,,,,,,5939999744,15664000000,18077000000,12786000000,12045000000,11796462500,11002220000,9331180000,15892710000,17662620000,30863060000,38345150000,48604250000,73420080000,48850496447,52687966786,43055621650,38352335115,37163260277,
Germany,DEU,Market capitalization of listed companies (current US$),CM.MKT.LCAP.CD,,,,,,,,,,,,,,,,,,,,,,,,,,,,,2.52E+11,3.65E+11,3.55E+11,3.93E+11,3.48E+11,4.63476E+11,4.70519E+11,5.77365E+11,6.70997E+11,8.25233E+11,1.09396E+12,1.43219E+12,1.27024E+12,1.07175E+12,6.91124E+11,1.07903E+12,1.19452E+12,1.22125E+12,1.63783E+12,2.10551E+12,1.10796E+12,1.29757E+12,1.42971E+12,1.18446E+12,1.48631E+12,
Djibouti,DJI,Market capitalization of listed companies (current US$),CM.MKT.LCAP.CD,,,,,,,,,,,,,,,,,,,,,,,,,,,,,,,,,,,,,,,,,,,,,,,,,,,,,,
Dominica,DMA,Market capitalization of listed companies (current US$),CM.MKT.LCAP.CD,,,,,,,,,,,,,,,,,,,,,,,,,,,,,,,,,,,,,,,,,,,,,,,,,,,,,,
Denmark,DNK,Market capitalization of listed companies (current US$),CM.MKT.LCAP.CD,,,,,,,,,,,,,,,,,,,,,,,,,,,,,30200000512,40199999488,39099998208,44800000000,32600000512,41784999936,54399000576,56223000000,71688000000,93766000000,98881000000,1.05293E+11,1.07666E+11,88370377467,76787730000,1.21616E+11,1.51342E+11,1.78038E+11,2.31015E+11,2.77746E+11,1.31526E+11,1.86852E+11,2.31746E+11,1.79529E+11,2.24856E+11,
Dominican Republic,DOM,Market capitalization of listed companies (current US$),CM.MKT.LCAP.CD,,,,,,,,,,,,,,,,,,,,,,,,,,,,,,,,,,,,,,140000000,,,,,,,,,,,,,,,,
Algeria,DZA,Market capitalization of listed companies (current US$),CM.MKT.LCAP.CD,,,,,,,,,,,,,,,,,,,,,,,,,,,,,,,,,,,,,,,,,,,,,,,,,,,,,,
East Asia & Pacific (developing only),EAP,Market capitalization of listed companies (current US$),CM.MKT.LCAP.CD,,,,,,,,,,,,,,,,,,,,,,,,,,,,,,,,1.1465E+11,1.979E+11,4.649E+11,4.77532E+11,5.319E+11,6.92561E+11,3.84124E+11,4.22328E+11,6.40889E+11,7.80487E+11,7.46517E+11,7.03965E+11,1.05201E+12,1.05242E+12,1.2127E+12,3.02652E+12,7.09557E+12,3.25491E+12,5.69442E+12,6.00045E+12,4.63744E+12,5.26302E+12,
East Asia & Pacific (all income levels),EAS,Market capitalization of listed companies (current US$),CM.MKT.LCAP.CD,,,,,,,,,,,,,,,,,,,,,,,,,,,,,4.41044E+12,5.11555E+12,3.45405E+12,3.79895E+12,3.187E+12,4.54711E+12,5.28655E+12,5.29723E+12,5.14405E+12,3.78062E+12,4.0911E+12,7.22277E+12,5.52478E+12,4.52732E+12,4.30673E+12,6.2004E+12,7.36316E+12,9.041E+12,1.15552E+13,1.62583E+13,9.55959E+12,1.31567E+13,1.49695E+13,1.22636E+13,1.37249E+13,
Europe & Central Asia (developing only),ECA,Market capitalization of listed companies (current US$),CM.MKT.LCAP.CD,,,,,,,,,,,,,,,,,,,,,,,,,,,,,,,,,,,,23332000000,35630000000,82249023841,52143580952,1.34167E+11,86656155000,62883629814,57892310378,1.01229E+11,1.61631E+11,2.62863E+11,3.49374E+11,5.86039E+11,2.3717E+11,3.83575E+11,4.89459E+11,3.32267E+11,4.0973E+11,
Europe & Central Asia (all income levels),ECS,Market capitalization of listed companies (current US$),CM.MKT.LCAP.CD,,,,,,,,,,,,,,,,,,,,,,,,,,,,,2.04895E+12,2.52416E+12,2.3747E+12,2.65898E+12,2.45371E+12,3.17294E+12,3.50492E+12,4.32169E+12,5.10335E+12,6.26041E+12,7.94732E+12,1.01429E+13,9.48089E+12,7.69311E+12,6.49355E+12,9.06974E+12,1.08304E+13,1.21181E+13,1.64211E+13,1.93392E+13,9.18662E+12,1.23566E+13,1.34626E+13,1.15907E+13,1.29714E+13,
Ecuador,ECU,Market capitalization of listed companies (current US$),CM.MKT.LCAP.CD,,,,,,,,,,,,,,,,,,,,,,,,,,,,,,,,,69000000,1100000000,2500000000,2631000000,1946000000,2128000000,1527000000,414882400,704140000,1416580000,1749570000,2153130000,2580630000,3214480000,4040030000,4266450000,4562138429,4247635856,5262945652,5778987987,5911080000,
"Egypt, Arab Rep.",EGY,Market capitalization of listed companies (current US$),CM.MKT.LCAP.CD,,,,,,,,,,,,,,,,,,,,,,,,,,,,,1760000000,1710000000,1760000000,2649999872,3260000000,3809999872,4260000000,8088000000,14173000000,20830000000,24381000000,32837763100,28741380000,24335140000,26093780000,27072660000,38515920000,79672160000,93477330000,1.39289E+11,85885388487,89952506169,82494762437,48682635301,58008000056,
Euro area,EMU,Market capitalization of listed companies (current US$),CM.MKT.LCAP.CD,,,,,,,,,,,,,,,,,,,,,,,,,,,,,9.9131E+11,1.33488E+12,1.1835E+12,1.31259E+12,1.19198E+12,1.532E+12,1.75543E+12,2.14075E+12,2.48073E+12,3.01314E+12,4.34748E+12,5.71987E+12,5.43596E+12,4.3269E+12,3.5162E+12,4.97262E+12,5.95526E+12,6.35985E+12,8.65396E+12,1.04777E+13,5.15618E+12,6.18082E+12,6.30487E+12,5.55674E+12,6.31061E+12,
Eritrea,ERI,Market capitalization of listed companies (current US$),CM.MKT.LCAP.CD,,,,,,,,,,,,,,,,,,,,,,,,,,,,,,,,,,,,,,,,,,,,,,,,,,,,,,
Spain,ESP,Market capitalization of listed companies (current US$),CM.MKT.LCAP.CD,,,,,,,,,,,,,,,,,,,,,,,,,,,,,91099996160,1.23E+11,1.11E+11,1.48E+11,99000000512,1.19264E+11,1.54858E+11,1.97788E+11,2.42779E+11,2.90383E+11,4.0218E+11,4.31668E+11,5.04219E+11,4.68203E+11,4.64998E+11,7.26243E+11,9.40673E+11,9.60024E+11,1.32309E+12,1.8001E+12,9.46113E+11,1.29723E+12,1.17161E+12,1.03095E+12,9.95095E+11,
Estonia,EST,Market capitalization of listed companies (current US$),CM.MKT.LCAP.CD,,,,,,,,,,,,,,,,,,,,,,,,,,,,,,,,,,,,,,1101000000,519000000,1789265300,1846000000,1482620000,2429910000,3790350000,6202600000,3495070000,5963250000,6037310000,1950537308,2653810597,2260054049,1611200985,2331962196,
Ethiopia,ETH,Market capitalization of listed companies (current US$),CM.MKT.LCAP.CD,,,,,,,,,,,,,,,,,,,,,,,,,,,,,,,,,,,,,,,,,,,,,,,,,,,,,,
European Union,EUU,Market capitalization of listed companies (current US$),CM.MKT.LCAP.CD,,,,,,,,,,,,,,,,,,,,,,,,,,,,,1.89251E+12,2.32108E+12,2.1695E+12,2.44704E+12,2.23076E+12,2.83633E+12,3.16218E+12,3.80628E+12,4.57556E+12,5.42232E+12,7.15215E+12,9.19472E+12,8.50927E+12,6.86937E+12,5.70507E+12,7.93271E+12,9.462E+12,1.02116E+13,1.35744E+13,1.56977E+13,7.60906E+12,9.88021E+12,1.05561E+13,9.36026E+12,1.03996E+13,
Fragile and conflict affected situations,FCS,Market capitalization of listed companies (current US$),CM.MKT.LCAP.CD,,,,,,,,,,,,,,,,,,,,,,,,,,,,,,,,,,,,,,,,,,,,,,,,,,,,,,
Finland,FIN,Market capitalization of listed companies (current US$),CM.MKT.LCAP.CD,,,,,,,,,,,,,,,,,,,,,,,,,,,,,30200000512,30699999232,22699999232,14300000256,12199999488,23562000384,38278000640,44138000000,63078000000,73322000000,1.54518E+11,3.49409E+11,2.93635E+11,1.90456E+11,1.38833E+11,1.70283E+11,1.83765E+11,2.09504E+11,2.65477E+11,3.69168E+11,1.54367E+11,91021301492,1.1816E+11,1.43081E+11,1.58687E+11,
Fiji,FJI,Market capitalization of listed companies (current US$),CM.MKT.LCAP.CD,,,,,,,,,,,,,,,,,,,,,,,,,,,,,,,,,,,32000000,67000000,82000000,93000000,88000000,107514200,243859889,121447371.9,372722852.9,433005315.1,538650593,586698437,636698218,522183265.9,568223337.6,468336938.7,418761789,392208529.5,452460773.2,
France,FRA,Market capitalization of listed companies (current US$),CM.MKT.LCAP.CD,,,,,,,,,,,,,,,,,,,,,,,,,,,,,2.45E+11,3.65E+11,3.14E+11,3.48E+11,3.51E+11,4.56111E+11,4.51263E+11,5.22053E+11,5.91123E+11,6.74368E+11,9.91484E+11,1.47546E+12,1.44663E+12,1.17443E+12,9.66962E+11,1.35593E+12,1.55911E+12,1.75872E+12,2.42857E+12,2.77122E+12,1.49233E+12,1.97204E+12,1.92649E+12,1.56873E+12,1.82334E+12,
Faeroe Islands,FRO,Market capitalization of listed companies (current US$),CM.MKT.LCAP.CD,,,,,,,,,,,,,,,,,,,,,,,,,,,,,,,,,,,,,,,,,,,,,,,,,,,,,,
"Micronesia, Fed. Sts.",FSM,Market capitalization of listed companies (current US$),CM.MKT.LCAP.CD,,,,,,,,,,,,,,,,,,,,,,,,,,,,,,,,,,,,,,,,,,,,,,,,,,,,,,
Gabon,GAB,Market capitalization of listed companies (current US$),CM.MKT.LCAP.CD,,,,,,,,,,,,,,,,,,,,,,,,,,,,,,,,,,,,,,,,,,,,,,,,,,,,,,
United Kingdom,GBR,Market capitalization of listed companies (current US$),CM.MKT.LCAP.CD,,,,,,,,,,,,,,,,,,,,,,,,,,,,,7.71E+11,8.27E+11,8.49E+11,9.88E+11,9.27E+11,1.15165E+12,1.21025E+12,1.40774E+12,1.74025E+12,1.99623E+12,2.37427E+12,2.93328E+12,2.57699E+12,2.16472E+12,1.86426E+12,2.46006E+12,2.81593E+12,3.05818E+12,3.79431E+12,3.85851E+12,1.85195E+12,2.79644E+12,3.10704E+12,2.90318E+12,3.01947E+12,
Georgia,GEO,Market capitalization of listed companies (current US$),CM.MKT.LCAP.CD,,,,,,,,,,,,,,,,,,,,,,,,,,,,,,,,,,,,,,,,,24200000,89300000,104500000,202600000,206156200,354649800,668332000,1389000000,327310400,733315400,1059875477,795659274.4,943441781.9,
Ghana,GHA,Market capitalization of listed companies (current US$),CM.MKT.LCAP.CD,,,,,,,,,,,,,,,,,,,,,,,,,,,,,,,,76000000,84000000,118000000,1870000000,1649000000,1492000000,1138000000,1384000000,915825700,502410000,527570000,740400000,1425630000,2643600000,1660580000,3232880000,2380220000,3394382243,2507527896,3531487214,3096953399,3464538689,
Guinea,GIN,Market capitalization of listed companies (current US$),CM.MKT.LCAP.CD,,,,,,,,,,,,,,,,,,,,,,,,,,,,,,,,,,,,,,,,,,,,,,,,,,,,,,
"Gambia, The",GMB,Market capitalization of listed companies (current US$),CM.MKT.LCAP.CD,,,,,,,,,,,,,,,,,,,,,,,,,,,,,,,,,,,,,,,,,,,,,,,,,,,,,,
Guinea-Bissau,GNB,Market capitalization of listed companies (current US$),CM.MKT.LCAP.CD,,,,,,,,,,,,,,,,,,,,,,,,,,,,,,,,,,,,,,,,,,,,,,,,,,,,,,
Equatorial Guinea,GNQ,Market capitalization of listed companies (current US$),CM.MKT.LCAP.CD,,,,,,,,,,,,,,,,,,,,,,,,,,,,,,,,,,,,,,,,,,,,,,,,,,,,,,
Greece,GRC,Market capitalization of listed companies (current US$),CM.MKT.LCAP.CD,,,,,,,,,,,,,,,,,,,,,,,,,,,,,4280000000,6380000256,15200000000,13100000256,9489999872,12318999552,14920999936,17060000000,24178000000,34164000000,79992000000,2.04213E+11,1.10839E+11,86537760000,68740625000,1.06845E+11,1.25242E+11,1.45013E+11,2.08284E+11,2.64942E+11,90396380922,54716696289,72638864938,33648182791,44584055936,
Grenada,GRD,Market capitalization of listed companies (current US$),CM.MKT.LCAP.CD,,,,,,,,,,,,,,,,,,,,,,,,,,,,,,,,,,,,,,,,,,,,,,,,,,,,,,
Greenland,GRL,Market capitalization of listed companies (current US$),CM.MKT.LCAP.CD,,,,,,,,,,,,,,,,,,,,,,,,,,,,,,,,,,,,,,,,,,,,,,,,,,,,,,
Guatemala,GTM,Market capitalization of listed companies (current US$),CM.MKT.LCAP.CD,,,,,,,,,,,,,,,,,,,,,,,,,,,,,,,,,,,,124000000,168000000,139000000,172000000,,,,,,,,,,,,,,,
Guam,GUM,Market capitalization of listed companies (current US$),CM.MKT.LCAP.CD,,,,,,,,,,,,,,,,,,,,,,,,,,,,,,,,,,,,,,,,,,,,,,,,,,,,,,
Guyana,GUY,Market capitalization of listed companies (current US$),CM.MKT.LCAP.CD,,,,,,,,,,,,,,,,,,,,,,,,,,,,,,,,,,,,,,,,,,,,94192638.35,127358651.1,187341223.5,187353495.9,262377622.6,289906428.4,287000000,339845227.4,440373363.7,610941218.5,
High income,HIC,Market capitalization of listed companies (current US$),CM.MKT.LCAP.CD,,,,,,,,,,,,,,,,,,,,,,,,,,,,,9.38379E+12,1.13824E+13,9.04304E+12,1.07674E+13,1.02813E+13,1.284E+13,1.38263E+13,1.64571E+13,1.86651E+13,2.16699E+13,2.5744E+13,3.42727E+13,3.0328E+13,2.62152E+13,2.19552E+13,2.97469E+13,3.52246E+13,3.94331E+13,4.67386E+13,5.15004E+13,2.8819E+13,3.72218E+13,4.25366E+13,3.75454E+13,4.28957E+13,
"Hong Kong SAR, China",HKG,Market capitalization of listed companies (current US$),CM.MKT.LCAP.CD,,,,,,,,,,,,,,,,,,,,,,,,,,,,,74399997952,77499998208,83399999488,1.22E+11,1.72E+11,3.85247E+11,2.69508E+11,3.03705E+11,4.49381E+11,4.13323E+11,3.43394E+11,6.0909E+11,6.23398E+11,5.06073E+11,4.63085E+11,5.51237E+11,6.65248E+11,6.93486E+11,8.95249E+11,1.16257E+12,1.32884E+12,9.15825E+11,1.07964E+12,8.89597E+11,1.10813E+12,
Honduras,HND,Market capitalization of listed companies (current US$),CM.MKT.LCAP.CD,,,,,,,,,,,,,,,,,,,,,,,,,,,,,,,,40000000,,,270000000,338000000,,,458000000,,,,,,,,,,,,,,,
Heavily indebted poor countries (HIPC),HPC,Market capitalization of listed companies (current US$),CM.MKT.LCAP.CD,,,,,,,,,,,,,,,,,,,,,,,,,,,,,,,,,,,,,,,,,,,,,,,,,,,,,,
Croatia,HRV,Market capitalization of listed companies (current US$),CM.MKT.LCAP.CD,,,,,,,,,,,,,,,,,,,,,,,,,,,,,,,,,,,514000000,581000000,2975000000,4246000000,3190000000,2584458900,2742430000,3318570000,3975630000,6125630000,10958640000,12917990000,29005630000,65977030000,26790141151,25637403097,24911791785,21795617088,21559647510,
Haiti,HTI,Market capitalization of listed companies (current US$),CM.MKT.LCAP.CD,,,,,,,,,,,,,,,,,,,,,,,,,,,,,,,,,,,,,,,,,,,,,,,,,,,,,,
Hungary,HUN,Market capitalization of listed companies (current US$),CM.MKT.LCAP.CD,,,,,,,,,,,,,,,,,,,,,,,,,,,,,,,,505000000,562000000,812000000,1600000000,2399000000,5273000000,14975000000,14028000000,16317414700,12020680000,10366870000,13109600000,16729200000,28711380000,32575660000,41934530000,47651140000,18579373336,28288046219,27708444462,18772961555,21080368084,
Indonesia,IDN,Market capitalization of listed companies (current US$),CM.MKT.LCAP.CD,,,,,,,,,,,,,,,,,,,,,,,,,,,,,253000000,2249999872,8080000000,6819999744,12000000000,32999999488,47200002048,66585000000,91016000000,29105000000,22104000000,64087223300,26834210000,23005650000,29991370000,54659060000,73250640000,81428120000,1.38886E+11,2.11693E+11,98760599266,1.78191E+11,3.60388E+11,3.90107E+11,3.96772E+11,
Isle of Man,IMN,Market capitalization of listed companies (current US$),CM.MKT.LCAP.CD,,,,,,,,,,,,,,,,,,,,,,,,,,,,,,,,,,,,,,,,,,,,,,,,,,,,,,
India,IND,Market capitalization of listed companies (current US$),CM.MKT.LCAP.CD,,,,,,,,,,,,,,,,,,,,,,,,,,,,,23600001024,27299999744,38599999488,47700000768,65100001280,98000003072,1.28E+11,1.27199E+11,1.22605E+11,1.28466E+11,1.05188E+11,1.84605E+11,1.48064E+11,1.10396E+11,1.31011E+11,2.79093E+11,3.87851E+11,5.53074E+11,8.18879E+11,1.8191E+12,6.45478E+11,1.17924E+12,1.61586E+12,1.01537E+12,1.26334E+12,
Not classified,INX,Market capitalization of listed companies (current US$),CM.MKT.LCAP.CD,,,,,,,,,,,,,,,,,,,,,,,,,,,,,,,,,,,,,,,,,,,,,,,,,,,,,,
Ireland,IRL,Market capitalization of listed companies (current US$),CM.MKT.LCAP.CD,,,,,,,,,,,,,,,,,,,,,,,,,,,,,,,,,,,,25836000000,34738000000,49371000000,66596000000,68773000000,81882400000,75298234287,60384271532,85070383451,1.14085E+11,1.14134E+11,1.63358E+11,1.44026E+11,49401126711,61291100000,60449267726,1.08055E+11,1.09014E+11,
"Iran, Islamic Rep.",IRN,Market capitalization of listed companies (current US$),CM.MKT.LCAP.CD,,,,,,,,,,,,,,,,,,,,,,,,,,,,,,,,34300000256,33699999744,1300000000,2769999872,6552000000,17024000000,15159564514,14881973029,21858207714,7349830000,9703780530,14344429241,34443618082,46995059989,38723811755,37943327647,45573814500,49040085200,63298808000,86616414083,1.07249E+11,1.40843E+11,
Iraq,IRQ,Market capitalization of listed companies (current US$),CM.MKT.LCAP.CD,,,,,,,,,,,,,,,,,,,,,,,,,,,,,,,,,,,,,,,,,,,,,,,,,,,,,,
Iceland,ISL,Market capitalization of listed companies (current US$),CM.MKT.LCAP.CD,,,,,,,,,,,,,,,,,,,,,,,,,,,,,,,,,,,484000000,720000000,1210000000,1859000000,3106000000,4807000000,4439060000,4161149191,6323556848,9293236476,17628889793,27798973327,36098788613,40555043654,5557408786,1128058413,1996319591,2020653799,2824718017,
Israel,ISR,Market capitalization of listed companies (current US$),CM.MKT.LCAP.CD,,,,,,,,,,,,,,,,,,,,,,,,,,,,,5459999744,8230000128,3320000000,6179999744,29600000000,50800001024,32700000256,36399000000,35934500000,45268000000,39628000000,63819823100,64080660000,70270500000,45371320000,75718890000,95504760000,1.20114E+11,1.73306E+11,2.36361E+11,1.34463E+11,1.82095E+11,2.18055E+11,1.4497E+11,1.48436E+11,
Italy,ITA,Market capitalization of listed companies (current US$),CM.MKT.LCAP.CD,,,,,,,,,,,,,,,,,,,,,,,,,,,,,1.35E+11,1.69E+11,1.49E+11,1.59E+11,1.29E+11,1.36153E+11,1.80135E+11,2.09522E+11,2.5816E+11,3.44665E+11,5.69731E+11,7.28273E+11,7.68364E+11,5.27396E+11,4.8063E+11,6.14841E+11,7.89563E+11,7.98167E+11,1.02664E+12,1.07269E+12,5.20855E+11,3.17317E+11,3.1814E+11,4.31471E+11,4.80453E+11,
Jamaica,JAM,Market capitalization of listed companies (current US$),CM.MKT.LCAP.CD,,,,,,,,,,,,,,,,,,,,,,,,,,,,,796000000,957000000,911000000,1030000000,3230000128,1470000000,1750000000,1270000000,1887000000,2051000000,2139000000,2530100800,3582230000,4702720000,5837990000,8500160000,14414710000,13028040000,12276950000,12334730000,7512918694,6201295570,6626233030,7222699225,6390478767,
Jordan,JOR,Market capitalization of listed companies (current US$),CM.MKT.LCAP.CD,,,,,,,,,,,,,,,,,,,,,,,,,,,,,2230000128,2160000000,2000000000,2510000128,3360000000,4889999872,4590000128,4670000000,4551000000,5446000000,5838000000,5826521100,4943150000,6315940000,7087020000,10962980000,18383400000,37638810000,29729480000,41216420000,35846582716,31864812614,30864419095,27183014566,26998000000,
Japan,JPN,Market capitalization of listed companies (current US$),CM.MKT.LCAP.CD,,,,,,,,,,,,,,,,,,,,,,,,,,,,,3.91E+12,4.39E+12,2.92E+12,3.13E+12,2.4E+12,2.99976E+12,3.71991E+12,3.66729E+12,3.08885E+12,2.2167E+12,2.49576E+12,4.54694E+12,3.15722E+12,2.25181E+12,2.12608E+12,3.04066E+12,3.67826E+12,4.73651E+12,4.72627E+12,4.45347E+12,3.22049E+12,3.37789E+12,4.09959E+12,3.54068E+12,3.68098E+12,
Kazakhstan,KAZ,Market capitalization of listed companies (current US$),CM.MKT.LCAP.CD,,,,,,,,,,,,,,,,,,,,,,,,,,,,,,,,,,,,,,1342023841,1830580952,2265225036,1342300000,1204000000,1340956000,2424600000,3940700000,10521185400,43688349154,41377503000,31075188294,57655094804,60742008628,43301480000,23495736863,
Kenya,KEN,Market capitalization of listed companies (current US$),CM.MKT.LCAP.CD,,,,,,,,,,,,,,,,,,,,,,,,,,,,,474000000,499000000,453000000,453000000,637000000,1060000000,3080000000,1886000000,1846000000,1824000000,2024000000,1409381000,1283090000,1049800000,1423070000,4178210000,3890970000,6383990000,11378040000,13386590000,10916560841,10755988305,14460867410,10202603924,14790720930,
Kyrgyz Republic,KGZ,Market capitalization of listed companies (current US$),CM.MKT.LCAP.CD,,,,,,,,,,,,,,,,,,,,,,,,,,,,,,,,,,,,,,,,3942731.278,3875000,3862500,7351247.601,30682368.49,34000000,41993554.65,92691900,121000000,93792700,71839700,79000000,165011900,164970464.1,
Cambodia,KHM,Market capitalization of listed companies (current US$),CM.MKT.LCAP.CD,,,,,,,,,,,,,,,,,,,,,,,,,,,,,,,,,,,,,,,,,,,,,,,,,,,,,,
Kiribati,KIR,Market capitalization of listed companies (current US$),CM.MKT.LCAP.CD,,,,,,,,,,,,,,,,,,,,,,,,,,,,,,,,,,,,,,,,,,,,,,,,,,,,,,
St. Kitts and Nevis,KNA,Market capitalization of listed companies (current US$),CM.MKT.LCAP.CD,,,,,,,,,,,,,,,,,,,,,,,,,,,,,,,,,,,,,,,,,,,,245006666.7,250002222.2,272926296.3,304522222.2,439727146.9,595239879.1,647990200.4,623887717.8,598437313.6,,
"Korea, Rep.",KOR,Market capitalization of listed companies (current US$),CM.MKT.LCAP.CD,,,,,,,,,,,,,,,,,,,,,,,,,,,,,,1.41E+11,1.11E+11,96399998976,1.07E+11,1.39E+11,1.92E+11,1.81955E+11,1.38817E+11,46052000000,1.21157E+11,3.95664E+11,1.71587E+11,2.20046E+11,2.49639E+11,3.29616E+11,4.28649E+11,7.1818E+11,8.35188E+11,1.12363E+12,4.94631E+11,8.36462E+11,1.08922E+12,9.94302E+11,1.18047E+12,
Kosovo,KSV,Market capitalization of listed companies (current US$),CM.MKT.LCAP.CD,,,,,,,,,,,,,,,,,,,,,,,,,,,,,,,,,,,,,,,,,,,,,,,,,,,,,,
Kuwait,KWT,Market capitalization of listed companies (current US$),CM.MKT.LCAP.CD,,,,,,,,,,,,,,,,,,,,,,,,,,,,,11800000512,9930000384,,,,10049000448,10849999872,14353000448,21840000000,26013000000,18131000000,18814000000,20772000000,23191142950,30704742819,59408967391,69365671642,1.3008E+11,1.2894E+11,1.88046E+11,1.07168E+11,95938489668,1.19621E+11,1.00869E+11,97091394026,
Latin America & Caribbean (developing only),LAC,Market capitalization of listed companies (current US$),CM.MKT.LCAP.CD,,,,,,,,,,,,,,,,,,,,,,,,,,,,,51675999232,75718000512,63873000384,1.7693E+11,2.2281E+11,3.70207E+11,3.87478E+11,3.14891E+11,4.14702E+11,5.31772E+11,3.4231E+11,5.10598E+11,5.59462E+11,5.50445E+11,3.73621E+11,4.49789E+11,6.26986E+11,8.91343E+11,1.29555E+12,2.09682E+12,1.04508E+12,1.79621E+12,2.40582E+12,2.00313E+12,2.21702E+12,
Lao PDR,LAO,Market capitalization of listed companies (current US$),CM.MKT.LCAP.CD,,,,,,,,,,,,,,,,,,,,,,,,,,,,,,,,,,,,,,,,,,,,,,,,,,,,,,
Lebanon,LBN,Market capitalization of listed companies (current US$),CM.MKT.LCAP.CD,,,,,,,,,,,,,,,,,,,,,,,,,,,,,,,,,,,,400000000,,2904000000,2385000000,1921352400,1583020000,1243120000,1401300000,1496550000,2321500000,4928630000,8278930000,10858010000,9640557823,12893187930,12585599600,10163607439,10295670315,
Liberia,LBR,Market capitalization of listed companies (current US$),CM.MKT.LCAP.CD,,,,,,,,,,,,,,,,,,,,,,,,,,,,,,,,,,,,,,,,,,,,,,,,,,,,,,
Libya,LBY,Market capitalization of listed companies (current US$),CM.MKT.LCAP.CD,,,,,,,,,,,,,,,,,,,,,,,,,,,,,,,,,,,,,,,,,,,,,,,,,,,,,,
St. Lucia,LCA,Market capitalization of listed companies (current US$),CM.MKT.LCAP.CD,,,,,,,,,,,,,,,,,,,,,,,,,,,,,,,,,,,,,,,,,,,,,,,,,,,,,,
Latin America & Caribbean (all income levels),LCN,Market capitalization of listed companies (current US$),CM.MKT.LCAP.CD,,,,,,,,,,,,,,,,,,,,,,,,,,,,,58793999104,85719000128,78451000384,2.05909E+11,2.53179E+11,4.15871E+11,4.57029E+11,3.90553E+11,4.83083E+11,6.0833E+11,4.00909E+11,5.85683E+11,6.26293E+11,6.13806E+11,4.31291E+11,5.50586E+11,7.66813E+11,1.05075E+12,1.49125E+12,2.33172E+12,1.19538E+12,2.02198E+12,2.76471E+12,2.29349E+12,2.55018E+12,
Latin America and the Caribbean,LCR,Market capitalization of listed companies (current US$),CM.MKT.LCAP.CD,,,,,,,,,,,,,,,,,,,,,,,,,,,,,,,,,,,,,,,,,,,,,,,,,,,,,,
Least developed countries: UN classification,LDC,Market capitalization of listed companies (current US$),CM.MKT.LCAP.CD,,,,,,,,,,,,,,,,,,,,,,,,,,,,,,,,,,,,,,,,,,,,,,,,,,,,,,
Low income,LIC,Market capitalization of listed companies (current US$),CM.MKT.LCAP.CD,,,,,,,,,,,,,,,,,,,,,,,,,,,,,,,,,,,,,,,,,,,,,,,,,,,,,,
Liechtenstein,LIE,Market capitalization of listed companies (current US$),CM.MKT.LCAP.CD,,,,,,,,,,,,,,,,,,,,,,,,,,,,,,,,,,,,,,,,,,,,,,,,,,,,,,
Sri Lanka,LKA,Market capitalization of listed companies (current US$),CM.MKT.LCAP.CD,,,,,,,,,,,,,,,,,,,,,,,,,,,,,471000000,427000000,917000000,1940000000,1440000000,2500000000,2880000000,1998000000,1848000000,2096000000,1705000000,1584027200,1074130000,1331530000,1681100000,2711070000,3657010000,5719990000,7768850000,7553170000,4325774545,8133103275,19923854892,19437000000,17045987443,
Lower middle income,LMC,Market capitalization of listed companies (current US$),CM.MKT.LCAP.CD,,,,,,,,,,,,,,,,,,,,,,,,,,,,,34667001024,48308999616,61038999232,81933999744,1.08938E+11,1.93743E+11,2.61506E+11,2.83673E+11,3.37644E+11,2.48068E+11,2.20502E+11,3.57083E+11,2.6091E+11,2.28988E+11,2.63208E+11,4.41776E+11,6.27518E+11,8.97588E+11,1.33512E+12,2.68347E+12,1.09096E+12,1.73803E+12,2.49005E+12,1.85357E+12,2.25259E+12,
Low & middle income,LMY,Market capitalization of listed companies (current US$),CM.MKT.LCAP.CD,,,,,,,,,,,,,,,,,,,,,,,,,,,,,,,,5.79665E+11,6.57025E+11,1.17701E+12,1.28966E+12,1.33105E+12,1.58764E+12,1.44653E+12,1.17976E+12,1.83546E+12,1.85916E+12,1.69103E+12,1.55404E+12,2.28933E+12,2.88827E+12,3.77665E+12,6.57887E+12,1.29715E+13,6.0529E+12,1.0159E+13,1.16282E+13,8.95369E+12,1.02682E+13,
Lesotho,LSO,Market capitalization of listed companies (current US$),CM.MKT.LCAP.CD,,,,,,,,,,,,,,,,,,,,,,,,,,,,,,,,,,,,,,,,,,,,,,,,,,,,,,
Lithuania,LTU,Market capitalization of listed companies (current US$),CM.MKT.LCAP.CD,,,,,,,,,,,,,,,,,,,,,,,,,,,,,,,,,,,,157000000,900000000,1693000000,1074000000,1138436900,1587650000,1199410000,1462550000,3510220000,6462810000,8182790000,10190570000,10134220000,3624948108,4476510646,5660887443,4075273250,3963704823,
Luxembourg,LUX,Market capitalization of listed companies (current US$),CM.MKT.LCAP.CD,,,,,,,,,,,,,,,,,,,,,,,,,,,,,44800000000,10300000256,10499999744,11299999744,11900000256,19337000960,28511000576,30443000000,32692000000,33892000000,35403000000,35940182000,34016400000,23782833229,24733445272,37333249243,50143550360,51254450851,79524001055,1.66102E+11,66457442570,1.05559E+11,1.01128E+11,67625047210,70338828544,
Latvia,LVA,Market capitalization of listed companies (current US$),CM.MKT.LCAP.CD,,,,,,,,,,,,,,,,,,,,,,,,,,,,,,,,,,,,10000000,151000000,337500000,382000000,390857900,563310000,697040000,714500000,1140770000,1654990000,2527230000,2704920000,3111430000,1608811697,1823504428,1251503814,1076319451,1114877589,
"Macao SAR, China",MAC,Market capitalization of listed companies (current US$),CM.MKT.LCAP.CD,,,,,,,,,,,,,,,,,,,,,,,,,,,,,,,,,,,,,,,,,,,,,,,,,,,,,,
St. Martin (French part),MAF,Market capitalization of listed companies (current US$),CM.MKT.LCAP.CD,,,,,,,,,,,,,,,,,,,,,,,,,,,,,,,,,,,,,,,,,,,,,,,,,,,,,,
Morocco,MAR,Market capitalization of listed companies (current US$),CM.MKT.LCAP.CD,,,,,,,,,,,,,,,,,,,,,,,,,,,,,446000000,621000000,966000000,1530000000,1910000000,2649999872,4380000256,5951000000,8705000000,12177000000,15676000000,13694998800,10899160000,9087010000,8590570000,13152270000,25064310000,27219960000,49360030000,75494550000,65747968829,62909968252,69152529878,60088236612,52633705236,
Mexico and Central America,MCA,Market capitalization of listed companies (current US$),CM.MKT.LCAP.CD,,,,,,,,,,,,,,,,,,,,,,,,,,,,,,,,,,,,,,,,,,,,,,,,,,,,,,
Monaco,MCO,Market capitalization of listed companies (current US$),CM.MKT.LCAP.CD,,,,,,,,,,,,,,,,,,,,,,,,,,,,,,,,,,,,,,,,,,,,,,,,,,,,,,
Moldova,MDA,Market capitalization of listed companies (current US$),CM.MKT.LCAP.CD,,,,,,,,,,,,,,,,,,,,,,,,,,,,,,,,,,,,,47000000,73000000,50000000,38000000,,,,,,,,,,,,,,
Madagascar,MDG,Market capitalization of listed companies (current US$),CM.MKT.LCAP.CD,,,,,,,,,,,,,,,,,,,,,,,,,,,,,,,,,,,,,,,,,,,,,,,,,,,,,,
Maldives,MDV,Market capitalization of listed companies (current US$),CM.MKT.LCAP.CD,,,,,,,,,,,,,,,,,,,,,,,,,,,,,,,,,,,,,,,,,,,,,,,,,,,,,,
Middle East & North Africa (all income levels),MEA,Market capitalization of listed companies (current US$),CM.MKT.LCAP.CD,,,,,,,,,,,,,,,,,,,,,,,,,,,,,,,,,,1.28345E+11,1.02562E+11,1.23379E+11,1.55486E+11,2.00184E+11,1.912E+11,2.49329E+11,2.32146E+11,2.36727E+11,2.43767E+11,4.56283E+11,7.37282E+11,1.33182E+12,1.03917E+12,1.53321E+12,9.27408E+11,1.07349E+12,1.2297E+12,1.08731E+12,1.15333E+12,
Mexico,MEX,Market capitalization of listed companies (current US$),CM.MKT.LCAP.CD,,,,,,,,,,,,,,,,,,,,,,,,,,,,,13799999488,22599999488,32700000256,98200002560,1.39E+11,2.01E+11,1.3E+11,90694000000,1.0654E+11,1.56595E+11,91746000000,1.54044E+11,1.25204E+11,1.26258E+11,1.03137E+11,1.22532E+11,1.7194E+11,2.39128E+11,3.48345E+11,3.97725E+11,2.32581E+11,3.40565E+11,4.54345E+11,4.08691E+11,5.25057E+11,
Marshall Islands,MHL,Market capitalization of listed companies (current US$),CM.MKT.LCAP.CD,,,,,,,,,,,,,,,,,,,,,,,,,,,,,,,,,,,,,,,,,,,,,,,,,,,,,,
Middle income,MIC,Market capitalization of listed companies (current US$),CM.MKT.LCAP.CD,,,,,,,,,,,,,,,,,,,,,,,,,,,,,,3.30005E+11,,5.77553E+11,6.55446E+11,1.17406E+12,1.28344E+12,1.32554E+12,1.5774E+12,1.441E+12,1.17489E+12,1.83011E+12,1.85324E+12,1.67994E+12,1.53462E+12,2.27728E+12,2.87734E+12,3.76257E+12,6.53427E+12,1.2941E+13,6.02428E+12,1.01267E+13,1.15769E+13,8.89454E+12,1.02101E+13,
"Macedonia, FYR",MKD,Market capitalization of listed companies (current US$),CM.MKT.LCAP.CD,,,,,,,,,,,,,,,,,,,,,,,,,,,,,,,,,,,,,98000000,8000000,8000000,7673300,7100000,46000000,182061785.3,361679576,413138038.2,645978578.4,1098406889,2715287000,823485800,922204400,650213583.9,580357142.9,559059534.1,
Mali,MLI,Market capitalization of listed companies (current US$),CM.MKT.LCAP.CD,,,,,,,,,,,,,,,,,,,,,,,,,,,,,,,,,,,,,,,,,,,,,,,,,,,,,,
Malta,MLT,Market capitalization of listed companies (current US$),CM.MKT.LCAP.CD,,,,,,,,,,,,,,,,,,,,,,,,,,,,,,,,,,,52000000,154000000,472000000,460599334.1,785298783.7,1915615907,2045788387,1375549634,1382944570,1829924021,2841032864,4097417582,4503507371,5633345000,3572061680,1982205959,2398676366,3424252219,3630765485,
Myanmar,MMR,Market capitalization of listed companies (current US$),CM.MKT.LCAP.CD,,,,,,,,,,,,,,,,,,,,,,,,,,,,,,,,,,,,,,,,,,,,,,,,,,,,,,
Middle East & North Africa (developing only),MNA,Market capitalization of listed companies (current US$),CM.MKT.LCAP.CD,,,,,,,,,,,,,,,,,,,,,,,,,,,,,,,,,,,,29588000000,48716000000,59360467967,66024758088,79693443663,57109728640,53710971952,60224548452,90242757010,,,,,,2.72414E+11,2.94845E+11,2.65561E+11,,
Montenegro,MNE,Market capitalization of listed companies (current US$),CM.MKT.LCAP.CD,,,,,,,,,,,,,,,,,,,,,,,,,,,,,,,,,,,,,,,,,,,,,355489848.6,1048583052,1753514709,3699000000,2862593600,4289218900,3604000000,3321714300,3826552861,
Mongolia,MNG,Market capitalization of listed companies (current US$),CM.MKT.LCAP.CD,,,,,,,,,,,,,,,,,,,,,,,,,,,,,,,,,,,,27000000,26000000,54000000,40000000,32104600,36900000,37460000,31864600,42390000,24800000,45619100,112600100,612200000,406996700,430197200,1093000000,1578572900,1292937289,
Northern Mariana Islands,MNP,Market capitalization of listed companies (current US$),CM.MKT.LCAP.CD,,,,,,,,,,,,,,,,,,,,,,,,,,,,,,,,,,,,,,,,,,,,,,,,,,,,,,
Mozambique,MOZ,Market capitalization of listed companies (current US$),CM.MKT.LCAP.CD,,,,,,,,,,,,,,,,,,,,,,,,,,,,,,,,,,,,,,,,,,,,,,,,,,,,,,
Mauritania,MRT,Market capitalization of listed companies (current US$),CM.MKT.LCAP.CD,,,,,,,,,,,,,,,,,,,,,,,,,,,,,,,,,,,,,,,,,,,,,,,,,,,,,,
Mauritius,MUS,Market capitalization of listed companies (current US$),CM.MKT.LCAP.CD,,,,,,,,,,,,,,,,,,,,,,,,,,,,,,,268000000,312000000,416000000,791000000,1510000000,1331000000,1676000000,1665000000,1849000000,1642021200,1331230000,1062720000,1327870000,1955340000,2378780000,2617350000,3598320000,5665510000,3442532576,4739684085,7441532534,7666703680,7092931403,
Malawi,MWI,Market capitalization of listed companies (current US$),CM.MKT.LCAP.CD,,,,,,,,,,,,,,,,,,,,,,,,,,,,,,,,,,,,,,,,,,,,86461962.62,159036666.7,230285597.7,587184911.9,,1770779525,1383000000,1363072568,1384213000,753551700,
Malaysia,MYS,Market capitalization of listed companies (current US$),CM.MKT.LCAP.CD,,,,,,,,,,,,,,,,,,,,,,,,,,,,,23299999744,39800000512,48599998464,58600001536,93999996928,2.2E+11,1.99E+11,2.22729E+11,3.07179E+11,93608000000,98557000000,1.45445E+11,1.16935E+11,1.20007E+11,1.23872E+11,1.68376E+11,1.90011E+11,1.81236E+11,2.35356E+11,3.25663E+11,1.87066E+11,2.55952E+11,4.10534E+11,3.95083E+11,4.7634E+11,
North America,NAC,Market capitalization of listed companies (current US$),CM.MKT.LCAP.CD,,,,,,,,,,,,,,,,,,,,,,,,,,,,,3.032E+12,3.801E+12,3.302E+12,4.357E+12,4.733E+12,5.46272E+12,5.38202E+12,7.22397E+12,8.9707E+12,1.18778E+13,1.39962E+13,1.74373E+13,1.59476E+13,1.45578E+13,1.16756E+13,1.51631E+13,1.75031E+13,1.84539E+13,2.11293E+13,2.21366E+13,1.27418E+13,1.67596E+13,1.93007E+13,1.75487E+13,2.06859E+13,
Namibia,NAM,Market capitalization of listed companies (current US$),CM.MKT.LCAP.CD,,,,,,,,,,,,,,,,,,,,,,,,,,,,,,,,,21000000,28000000,201000000,189000000,459156433.5,689000000,429000000,691483600,311210000,150510000,170880000,307720000,442330000,414660000,541780000,702000000,618688184.1,846323218.8,1176283868,1152426487,1305046760,
New Caledonia,NCL,Market capitalization of listed companies (current US$),CM.MKT.LCAP.CD,,,,,,,,,,,,,,,,,,,,,,,,,,,,,,,,,,,,,,,,,,,,,,,,,,,,,,
Niger,NER,Market capitalization of listed companies (current US$),CM.MKT.LCAP.CD,,,,,,,,,,,,,,,,,,,,,,,,,,,,,,,,,,,,,,,,,,,,,,,,,,,,,,
Nigeria,NGA,Market capitalization of listed companies (current US$),CM.MKT.LCAP.CD,,,,,,,,,,,,,,,,,,,,,,,,,,,,,960000000,1010000000,1370000000,1880000000,1220000000,1030000000,2710000128,2033000000,3560000000,3646000000,2887000000,2939579800,4236900000,5403750000,5739630000,9493640000,14464420000,19355650000,32819360000,86346840000,49802816757,33324902304,50882966531,39269936739,56389263863,
Nicaragua,NIC,Market capitalization of listed companies (current US$),CM.MKT.LCAP.CD,,,,,,,,,,,,,,,,,,,,,,,,,,,,,,,,,,,,,,,,,,,,,,,,,,,,,,
Netherlands,NLD,Market capitalization of listed companies (current US$),CM.MKT.LCAP.CD,,,,,,,,,,,,,,,,,,,,,,,,,,,,,1.14E+11,1.58E+11,1.2E+11,1.36E+11,1.35E+11,1.81876E+11,2.83251E+11,3.56481E+11,3.78721E+11,4.68736E+11,6.03182E+11,6.95209E+11,6.40456E+11,4.58221E+11,4.01465E+11,4.88647E+11,5.38664E+11,5.92906E+11,7.79645E+11,9.56469E+11,3.87906E+11,5.42533E+11,6.61204E+11,5.94732E+11,6.51004E+11,
High income: nonOECD,NOC,Market capitalization of listed companies (current US$),CM.MKT.LCAP.CD,,,,,,,,,,,,,,,,,,,,,,,,,,,,,,,,3.45313E+11,3.80027E+11,7.78991E+11,7.05676E+11,7.17236E+11,9.90091E+11,1.04543E+12,8.19521E+11,1.38073E+12,1.19152E+12,1.1259E+12,1.11223E+12,1.71368E+12,2.20698E+12,3.14618E+12,3.60517E+12,4.85276E+12,2.88501E+12,3.45745E+12,4.03268E+12,3.34579E+12,3.86337E+12,
Norway,NOR,Market capitalization of listed companies (current US$),CM.MKT.LCAP.CD,,,,,,,,,,,,,,,,,,,,,,,,,,,,,14300000256,25300000768,26100000768,22000001024,17799999488,27380000768,36468998144,44587000000,57423000000,66503000000,46944000000,63696000000,65034350000,69054000000,67300000000,94678931751,1.4143E+11,1.90952E+11,2.81081E+11,3.5742E+11,1.2592E+11,2.27233E+11,2.50922E+11,2.19245E+11,2.5295E+11,
Nepal,NPL,Market capitalization of listed companies (current US$),CM.MKT.LCAP.CD,,,,,,,,,,,,,,,,,,,,,,,,,,,,,,,,,,,264000000,244000000,207000000,200000000,267000000,385559000,789748000,494000000,417288000,482745205.5,852896316.9,1343940833,1805286236,4909432000,4894113406,5484650168,5235076398,3848713147,4160213850,
New Zealand,NZL,Market capitalization of listed companies (current US$),CM.MKT.LCAP.CD,,,,,,,,,,,,,,,,,,,,,,,,,,,,,13200000000,13500000256,8839999488,14300000256,15299999744,25596999680,27217000448,31950000000,38641000000,30511200000,25027898500,28106389630,18865524600,17778888195,21745043678,33051871307,43731332611,43409099578,44939528980,47454010000,24165565308,67061169518,71832863368,71657479810,79802075790,
High income: OECD,OEC,Market capitalization of listed companies (current US$),CM.MKT.LCAP.CD,,,,,,,,,,,,,,,,,,,,,,,,,,,,,9.15332E+12,1.10217E+13,8.82336E+12,1.04221E+13,9.90132E+12,1.2061E+13,1.31206E+13,1.57399E+13,1.7675E+13,2.06244E+13,2.49244E+13,3.28919E+13,2.91364E+13,2.50893E+13,2.0843E+13,2.80332E+13,3.30177E+13,3.62869E+13,4.31335E+13,4.66476E+13,2.59339E+13,3.37643E+13,3.85039E+13,3.41996E+13,3.90323E+13,
OECD members,OED,Market capitalization of listed companies (current US$),CM.MKT.LCAP.CD,,,,,,,,,,,,,,,,,,,,,,,,,,,,,9.16826E+12,1.10511E+13,8.87516E+12,1.05365E+13,1.00508E+13,1.23003E+13,1.32738E+13,1.58537E+13,1.78168E+13,2.08571E+13,2.50639E+13,3.3175E+13,2.93433E+13,2.52731E+13,2.09932E+13,2.82408E+13,3.33166E+13,3.67201E+13,4.36861E+13,4.73795E+13,2.6303E+13,3.43589E+13,3.92927E+13,3.48289E+13,3.98872E+13,
Oman,OMN,Market capitalization of listed companies (current US$),CM.MKT.LCAP.CD,,,,,,,,,,,,,,,,,,,,,,,,,,,,,,,,,1060000000,1090000000,1700000000,1978000000,2662000000,7108000000,4392000000,4302025400,3463100000,2606100000,3997140000,5013510000,6325450000,15268940000,16157922078,23060440000,14914296845,17301715044,20267203533,19719430528,20107206856,
Other small states,OSS,Market capitalization of listed companies (current US$),CM.MKT.LCAP.CD,,,,,,,,,,,,,,,,,,,,,,,,,,,,,,,,,,,,,,,,,,,,,,,,,,,,,,
Pakistan,PAK,Market capitalization of listed companies (current US$),CM.MKT.LCAP.CD,,,,,,,,,,,,,,,,,,,,,,,,,,,,,2460000000,2460000000,2849999872,7329999872,8030000128,11600000000,12300000256,9286000000,10639000000,10966000000,5418000000,6964674700,6581370000,4943970000,10199740000,16578610000,29002180000,45936760000,45517640000,70262230000,23490665415,33238531669,38168586546,32763702675,43676289972,
Panama,PAN,Market capitalization of listed companies (current US$),CM.MKT.LCAP.CD,,,,,,,,,,,,,,,,,,,,,,,,,,,,,,,,,226000000,419000000,698000000,831000000,1279000000,2256800000,3835100000,3748400000,2794400000,2602100000,2949500000,3075000000,3401000000,5074058253,5715648323,6218500000,6567868000,8047800000,8348000000,10681784378,12543000000,
Peru,PER,Market capitalization of listed companies (current US$),CM.MKT.LCAP.CD,,,,,,,,,,,,,,,,,,,,,,,,,,,,,,931000000,812000000,1120000000,2630000128,5110000128,8179999744,11795000000,12291000000,17586000000,11645000000,13392138400,10562320000,11133500000,13362890000,16054690000,20114850000,35994710000,59657500000,1.0596E+11,55625279631,69752580097,99831340331,79329267428,96850058685,
Philippines,PHL,Market capitalization of listed companies (current US$),CM.MKT.LCAP.CD,,,,,,,,,,,,,,,,,,,,,,,,,,,,,4280000000,12000000000,5929999872,11399999488,15299999744,40299999232,56800002048,58929700000,80675400000,31360451128,35314000000,42148759305,25957220000,41523460000,39021380000,23565070000,28947810000,40153450000,68382050000,1.03224E+11,52100690473,80132276289,1.57321E+11,1.6538E+11,2.64143E+11,
Palau,PLW,Market capitalization of listed companies (current US$),CM.MKT.LCAP.CD,,,,,,,,,,,,,,,,,,,,,,,,,,,,,,,,,,,,,,,,,,,,,,,,,,,,,,
Papua New Guinea,PNG,Market capitalization of listed companies (current US$),CM.MKT.LCAP.CD,,,,,,,,,,,,,,,,,,,,,,,,,,,,,,,,,,,,,,,,,,1520411955,1422572046,2339197361,2942330326,3166456010,6631663974,11959200000,10210620000,12213000000,9741872902,8999290311,10711040000,
Poland,POL,Market capitalization of listed companies (current US$),CM.MKT.LCAP.CD,,,,,,,,,,,,,,,,,,,,,,,,,,,,,,,,144000000,222000000,2710000128,3060000000,4564000000,8390000000,12135000000,20461000000,29576801900,31279430000,26016530000,28749780000,37164660000,71101970000,93873380000,1.49054E+11,2.07322E+11,90232639217,1.35277E+11,1.90235E+11,1.38246E+11,1.7773E+11,
Puerto Rico,PRI,Market capitalization of listed companies (current US$),CM.MKT.LCAP.CD,,,,,,,,,,,,,,,,,,,,,,,,,,,,,,,,,,,,,,,,,,,,,,,,,,,,,,
"Korea, Dem. Rep.",PRK,Market capitalization of listed companies (current US$),CM.MKT.LCAP.CD,,,,,,,,,,,,,,,,,,,,,,,,,,,,,94199996416,,,,,,,,,,,,,,,,,,,,,,,,,
Portugal,PRT,Market capitalization of listed companies (current US$),CM.MKT.LCAP.CD,,,,,,,,,,,,,,,,,,,,,,,,,,,,,7169999872,10599999488,9200000000,9610000384,9210000384,12417000448,16248999936,18362000000,24660000000,38954000000,62954000000,66488103000,60680500000,46338000000,42845830000,58284737260,70241742558,66981305002,1.04201E+11,1.32258E+11,68713401781,98649863772,81995991553,61687724387,65529643852,
Paraguay,PRY,Market capitalization of listed companies (current US$),CM.MKT.LCAP.CD,,,,,,,,,,,,,,,,,,,,,,,,,,,,,,,,,,24000000,46000000,144000000,383000000,389000000,312000000,423226200,,223549730.3,154136923.1,205364918,249215323,257273442.6,409058670.8,,,,42000000,958077268.5,962279166.7,
Pacific island small states,PSS,Market capitalization of listed companies (current US$),CM.MKT.LCAP.CD,,,,,,,,,,,,,,,,,,,,,,,,,,,,,,,,,,,,,,,,,,,,,,,,,,,,,,
French Polynesia,PYF,Market capitalization of listed companies (current US$),CM.MKT.LCAP.CD,,,,,,,,,,,,,,,,,,,,,,,,,,,,,,,,,,,,,,,,,,,,,,,,,,,,,,
Qatar,QAT,Market capitalization of listed companies (current US$),CM.MKT.LCAP.CD,,,,,,,,,,,,,,,,,,,,,,,,,,,,,,,,,,,,,,2588000000,3837000000,5502000000,5152000000,,,26701455650,52977935703,87315542709,61563470000,95487550000,76307107261,87855592554,1.23592E+11,1.25413E+11,1.26371E+11,
Romania,ROU,Market capitalization of listed companies (current US$),CM.MKT.LCAP.CD,,,,,,,,,,,,,,,,,,,,,,,,,,,,,,,,,,,52000000,100000000,57000000,627000000,1016000000,873085600,1069290000,2124010000,4561470000,5584370000,11786040000,20587850000,32784330000,44925260000,19922571864,30324651895,32384851263,21196718000,15925220857,
Russian Federation,RUS,Market capitalization of listed companies (current US$),CM.MKT.LCAP.CD,,,,,,,,,,,,,,,,,,,,,,,,,,,,,,,,244000000,218000000,18000000,151000000,15863000000,37230000000,1.28207E+11,20598000000,72205097600,38921830000,76197970000,1.24198E+11,2.30786E+11,2.67957E+11,5.48579E+11,1.05719E+12,1.50301E+12,3.97183E+11,8.61424E+11,1.00452E+12,7.96376E+11,8.74659E+11,
Rwanda,RWA,Market capitalization of listed companies (current US$),CM.MKT.LCAP.CD,,,,,,,,,,,,,,,,,,,,,,,,,,,,,,,,,,,,,,,,,,,,,,,,,,,,,,
South Asia,SAS,Market capitalization of listed companies (current US$),CM.MKT.LCAP.CD,,,,,,,,,,,,,,,,,,,,,,,,,,,,,26961001024,30662999744,42687999360,57239000640,74884001408,1.12553E+11,1.44494E+11,1.40065E+11,1.39883E+11,1.43301E+11,1.13651E+11,1.94404E+11,1.57695E+11,1.1831E+11,1.44502E+11,3.00487E+11,4.2468E+11,6.0911E+11,8.77581E+11,1.90862E+12,6.84859E+11,1.23316E+12,1.69487E+12,1.09497E+12,1.3457E+12,
Saudi Arabia,SAU,Market capitalization of listed companies (current US$),CM.MKT.LCAP.CD,,,,,,,,,,,,,,,,,,,,,,,,,,,,,,,,48199999488,54999998464,52800000000,38699999232,40907000000,45861000000,59386000000,42563000000,60439679500,67171410000,73199390000,74855370000,1.57302E+11,3.06248E+11,6.46104E+11,3.26869E+11,5.15111E+11,2.46337E+11,3.18765E+11,3.53414E+11,3.38873E+11,3.7338E+11,
Southern Cone Extended,SCE,Market capitalization of listed companies (current US$),CM.MKT.LCAP.CD,,,,,,,,,,,,,,,,,,,,,,,,,,,,,,,,,,,,,,,,,,,,,,,,,,,,,,
Sudan,SDN,Market capitalization of listed companies (current US$),CM.MKT.LCAP.CD,,,,,,,,,,,,,,,,,,,,,,,,,,,,,,,,,,,,,,,,,,,,,,,,,,,,,,
Senegal,SEN,Market capitalization of listed companies (current US$),CM.MKT.LCAP.CD,,,,,,,,,,,,,,,,,,,,,,,,,,,,,,,,,,,,,,,,,,,,,,,,,,,,,,
Singapore,SGP,Market capitalization of listed companies (current US$),CM.MKT.LCAP.CD,,,,,,,,,,,,,,,,,,,,,,,,,,,,,24000000000,35899998208,34300000256,47600001024,48799997952,1.32742E+11,1.34516E+11,1.48004E+11,1.50215E+11,1.06317E+11,94469000000,1.98407E+11,1.52827E+11,1.17338E+11,1.019E+11,2.29328E+11,2.77004E+11,3.16658E+11,2.76329E+11,3.53489E+11,1.80021E+11,3.10766E+11,3.70091E+11,3.0832E+11,4.14126E+11,
Solomon Islands,SLB,Market capitalization of listed companies (current US$),CM.MKT.LCAP.CD,,,,,,,,,,,,,,,,,,,,,,,,,,,,,,,,,,,,,,,,,,,,,,,,,,,,,,
Sierra Leone,SLE,Market capitalization of listed companies (current US$),CM.MKT.LCAP.CD,,,,,,,,,,,,,,,,,,,,,,,,,,,,,,,,,,,,,,,,,,,,,,,,,,,,,,
El Salvador,SLV,Market capitalization of listed companies (current US$),CM.MKT.LCAP.CD,,,,,,,,,,,,,,,,,,,,,,,,,,,,,,,,,,,,,452000000,499000000,1435000000,2141233600,2040843429,1341220000,1508840000,2109050000,2642580000,3622950000,5464760000,6743000000,4656190000,4432340000,4227000000,5474000000,10742970000,
San Marino,SMR,Market capitalization of listed companies (current US$),CM.MKT.LCAP.CD,,,,,,,,,,,,,,,,,,,,,,,,,,,,,,,,,,,,,,,,,,,,,,,,,,,,,,
Somalia,SOM,Market capitalization of listed companies (current US$),CM.MKT.LCAP.CD,,,,,,,,,,,,,,,,,,,,,,,,,,,,,,,,,,,,,,,,,,,,,,,,,,,,,,
Serbia,SRB,Market capitalization of listed companies (current US$),CM.MKT.LCAP.CD,,,,,,,,,,,,,,,,,,,,,,,,,,,,,,,,,,,,,,,,,,,734276600,1417410693,3280600000,5408703456,10985012823,23933630622,12165130600,11521556700,9690000000,8364824600,7450560827,
Sub-Saharan Africa (developing only),SSA,Market capitalization of listed companies (current US$),CM.MKT.LCAP.CD,,,,,,,,,,,,,,,,,,,,,,,,,,,,,,,,,1.07895E+11,,2.38344E+11,2.91274E+11,2.56145E+11,2.45724E+11,1.833E+11,2.75712E+11,2.17754E+11,1.59164E+11,2.1384E+11,2.95575E+11,4.87532E+11,6.05113E+11,8.03884E+11,,,,7.42726E+11,6.20321E+11,7.32438E+11,
South Sudan,SSD,Market capitalization of listed companies (current US$),CM.MKT.LCAP.CD,,,,,,,,,,,,,,,,,,,,,,,,,,,,,,,,,,,,,,,,,,,,,,,,,,,,,,
Sub-Saharan Africa (all income levels),SSF,Market capitalization of listed companies (current US$),CM.MKT.LCAP.CD,,,,,,,,,,,,,,,,,,,,,,,,,,,,,,,,,1.07895E+11,,2.38344E+11,2.91274E+11,2.56145E+11,2.45724E+11,1.833E+11,2.75712E+11,2.17754E+11,1.59164E+11,2.1384E+11,2.95575E+11,4.87532E+11,6.05113E+11,8.03884E+11,,,,7.42726E+11,6.20321E+11,7.32438E+11,
Small states,SST,Market capitalization of listed companies (current US$),CM.MKT.LCAP.CD,,,,,,,,,,,,,,,,,,,,,,,,,,,,,,,,,,,,,,,,,,,,,,,,,,,,,,
Sao Tome and Principe,STP,Market capitalization of listed companies (current US$),CM.MKT.LCAP.CD,,,,,,,,,,,,,,,,,,,,,,,,,,,,,,,,,,,,,,,,,,,,,,,,,,,,,,
Suriname,SUR,Market capitalization of listed companies (current US$),CM.MKT.LCAP.CD,,,,,,,,,,,,,,,,,,,,,,,,,,,,,,,,,,,,,,,,,,,,,,,,,,,,,,
Slovak Republic,SVK,Market capitalization of listed companies (current US$),CM.MKT.LCAP.CD,,,,,,,,,,,,,,,,,,,,,,,,,,,,,,,,,,,1090000000,1235000000,2182000000,1826000000,965000000,1060000000,1217000000,1557510000,1903760000,2779050000,4410160000,4392720000,5573990000,6971300000,5078963899,4672202935,4149644388,4736353991,4610591442,
Slovenia,SVN,Market capitalization of listed companies (current US$),CM.MKT.LCAP.CD,,,,,,,,,,,,,,,,,,,,,,,,,,,,,,,,,,,595000000,311000000,663000000,1625000000,2450000000,2180118400,2547300000,2839330000,4606270000,7134130000,9676820000,7898880000,15181720000,28963380000,11771533247,11766289141,9428268647,6325641677,6474886528,
Sweden,SWE,Market capitalization of listed companies (current US$),CM.MKT.LCAP.CD,,,,,,,,,,,,,,,,,,,,,,,,,,,,,99999997952,1.19E+11,97900003328,1.01E+11,78399995904,1.07376E+11,1.30939E+11,1.78049E+11,2.47217E+11,2.7273E+11,2.78707E+11,3.73278E+11,3.28339E+11,2.36514E+11,1.79335E+11,2.89877E+11,3.76781E+11,4.03948E+11,5.7325E+11,6.12497E+11,2.52542E+11,4.32296E+11,5.81174E+11,4.70122E+11,5.60526E+11,
Swaziland,SWZ,Market capitalization of listed companies (current US$),CM.MKT.LCAP.CD,,,,,,,,,,,,,,,,,,,,,,,,,,,,,,,17000000,27000000,111000000,297000000,338000000,339000000,471000000,129000000,85000000,94872100,73037641.87,127497700.9,143532239.6,172000059.8,224719303,196751358.9,199858024.8,203086293.8,,,,,,
Sint Maarten (Dutch part),SXM,Market capitalization of listed companies (current US$),CM.MKT.LCAP.CD,,,,,,,,,,,,,,,,,,,,,,,,,,,,,,,,,,,,,,,,,,,,,,,,,,,,,,
Seychelles,SYC,Market capitalization of listed companies (current US$),CM.MKT.LCAP.CD,,,,,,,,,,,,,,,,,,,,,,,,,,,,,,,,,,,,,,,,,,,,,,,,,,,,,,
Syrian Arab Republic,SYR,Market capitalization of listed companies (current US$),CM.MKT.LCAP.CD,,,,,,,,,,,,,,,,,,,,,,,,,,,,,,,,,,,,,,,,,,,,,,,,,,,,,,
Turks and Caicos Islands,TCA,Market capitalization of listed companies (current US$),CM.MKT.LCAP.CD,,,,,,,,,,,,,,,,,,,,,,,,,,,,,,,,,,,,,,,,,,,,,,,,,,,,,,
Chad,TCD,Market capitalization of listed companies (current US$),CM.MKT.LCAP.CD,,,,,,,,,,,,,,,,,,,,,,,,,,,,,,,,,,,,,,,,,,,,,,,,,,,,,,
Togo,TGO,Market capitalization of listed companies (current US$),CM.MKT.LCAP.CD,,,,,,,,,,,,,,,,,,,,,,,,,,,,,,,,,,,,,,,,,,,,,,,,,,,,,,
Thailand,THA,Market capitalization of listed companies (current US$),CM.MKT.LCAP.CD,,,,,,,,,,,,,,,,,,,,,,,,,,,,,8810000384,25600000000,23900000256,35799998464,58299998208,1.31E+11,1.31E+11,1.41507E+11,99828000000,23538000000,34903000000,58365057600,29488790000,36349459643,46172504408,1.21233E+11,1.16695E+11,1.24864E+11,1.41093E+11,1.96046E+11,1.02594E+11,1.38189E+11,2.77732E+11,2.68489E+11,3.82999E+11,
Tajikistan,TJK,Market capitalization of listed companies (current US$),CM.MKT.LCAP.CD,,,,,,,,,,,,,,,,,,,,,,,,,,,,,,,,,,,,,,,,,,,,,,,,,,,,,,
Turkmenistan,TKM,Market capitalization of listed companies (current US$),CM.MKT.LCAP.CD,,,,,,,,,,,,,,,,,,,,,,,,,,,,,,,,,,,,,,,,,,,,,,,,,,,,,,
Timor-Leste,TLS,Market capitalization of listed companies (current US$),CM.MKT.LCAP.CD,,,,,,,,,,,,,,,,,,,,,,,,,,,,,,,,,,,,,,,,,,,,,,,,,,,,,,
Tonga,TON,Market capitalization of listed companies (current US$),CM.MKT.LCAP.CD,,,,,,,,,,,,,,,,,,,,,,,,,,,,,,,,,,,,,,,,,,,,,,,,,,,,,,
Trinidad and Tobago,TTO,Market capitalization of listed companies (current US$),CM.MKT.LCAP.CD,,,,,,,,,,,,,,,,,,,,,,,,,,,,,268000000,411000000,696000000,671000000,510000000,485000000,663000000,1125000000,1405000000,3117000000,3922000000,4367364000,4329670000,5034770000,6505560000,10604560000,17050920000,16971740000,15570620000,15605490000,12157478853,11145150570,12158220527,14725159963,15165384376,
Tunisia,TUN,Market capitalization of listed companies (current US$),CM.MKT.LCAP.CD,,,,,,,,,,,,,,,,,,,,,,,,,,,,,612000000,638000000,533000000,711000000,814000000,956000000,2560000000,3927000000,4263000000,2321000000,2268000000,2706115700,2827720000,2303140000,2131350000,2464210000,2641070000,2876140000,4446380000,5355080000,6373758287,9120142054,10681708314,9661719481,8886882497,
Turkey,TUR,Market capitalization of listed companies (current US$),CM.MKT.LCAP.CD,,,,,,,,,,,,,,,,,,,,,,,,,,,,,1140000000,6780000256,19100000256,15699999744,9930000384,37499998208,21600000000,20772000000,30020000000,61090000000,33646000000,1.12716E+11,69658920000,47149860000,33957980000,68379200000,98298500000,1.61537E+11,1.62399E+11,2.86572E+11,1.1793E+11,2.25735E+11,3.06662E+11,2.01817E+11,3.08775E+11,
Tuvalu,TUV,Market capitalization of listed companies (current US$),CM.MKT.LCAP.CD,,,,,,,,,,,,,,,,,,,,,,,,,,,,,,,,,,,,,,,,,,,,,,,,,,,,,,
Tanzania,TZA,Market capitalization of listed companies (current US$),CM.MKT.LCAP.CD,,,,,,,,,,,,,,,,,,,,,,,,,,,,,,,,,,,,,,,236400000,180600000,232925000,398069792.8,707364102.6,658774136.2,669596153.8,587860824.7,541138790,,1293318333,,1264000000,1538748000,1803030000,
Uganda,UGA,Market capitalization of listed companies (current US$),CM.MKT.LCAP.CD,,,,,,,,,,,,,,,,,,,,,,,,,,,,,,,,,,,,,,,,,,35141939.22,49000000,47000000,96000000,103000000,116000000,,3078671949,3744916937,1787863326,7727269981,7294133434,
Ukraine,UKR,Market capitalization of listed companies (current US$),CM.MKT.LCAP.CD,,,,,,,,,,,,,,,,,,,,,,,,,,,,,,,,,,,,,,3667000000,570000000,1120719100,1880620000,1364930000,3119390000,4302880000,11778370000,24975550000,42869650000,1.11757E+11,24357595023,16790330183,39457471975,25558277154,20711371700,
Upper middle income,UMC,Market capitalization of listed companies (current US$),CM.MKT.LCAP.CD,,,,,,,,,,,,,,,,,,,,,,,,,,,,,,,,4.95619E+11,5.46508E+11,9.80321E+11,1.02193E+12,1.04187E+12,1.23975E+12,1.19293E+12,9.54384E+11,1.47303E+12,1.59233E+12,1.45095E+12,1.27141E+12,1.8355E+12,2.24982E+12,2.86498E+12,5.19915E+12,1.02576E+13,4.93332E+12,8.38865E+12,9.08686E+12,7.04096E+12,7.95752E+12,
Uruguay,URY,Market capitalization of listed companies (current US$),CM.MKT.LCAP.CD,,,,,,,,,,,,,,,,,,,,,,,,,,,,,,,,,,251000000,170000000,183000000,266000000,212000000,209000000,167744500,160923905,,,40349309.23,84625260.37,95711362.87,125067485.4,159000000,152237344,117456000,156860804,174603542.9,175442033.7,
United States,USA,Market capitalization of listed companies (current US$),CM.MKT.LCAP.CD,,,,,,,,,,,,,,,,,,,,,,,,,,,,,2.79E+12,3.51E+12,3.06E+12,4.09E+12,4.49E+12,5.1362E+12,5.06702E+12,6.85762E+12,8.48443E+12,1.13088E+13,1.34514E+13,1.66351E+13,1.5104E+13,1.38546E+13,1.10981E+13,1.42663E+13,1.63237E+13,1.69709E+13,1.94259E+13,1.99473E+13,1.17376E+13,1.50773E+13,1.7139E+13,1.56407E+13,1.86683E+13,
Uzbekistan,UZB,Market capitalization of listed companies (current US$),CM.MKT.LCAP.CD,,,,,,,,,,,,,,,,,,,,,,,,,,,,,,,,,,,,,128000000,465000000,,119000000,31910000,27860000,31214639.18,14047551.02,4300000,36886400,715293700,,,,,,,
St. Vincent and the Grenadines,VCT,Market capitalization of listed companies (current US$),CM.MKT.LCAP.CD,,,,,,,,,,,,,,,,,,,,,,,,,,,,,,,,,,,,,,,,,,,,,,,,,,,,,,
"Venezuela, RB",VEN,Market capitalization of listed companies (current US$),CM.MKT.LCAP.CD,,,,,,,,,,,,,,,,,,,,,,,,,,,,,1820000000,1470000000,8360000000,11200000000,7600000000,8009999872,4110000128,3655000000,10055000000,14581000000,7587000000,7471000000,8128050000,6215770000,3961540000,3820470000,6116880000,5017400000,8250530000,,,8860000000,3991000000,5142950000,25301170000,
Virgin Islands (U.S.),VIR,Market capitalization of listed companies (current US$),CM.MKT.LCAP.CD,,,,,,,,,,,,,,,,,,,,,,,,,,,,,,,,,,,,,,,,,,,,,,,,,,,,,,
Vietnam,VNM,Market capitalization of listed companies (current US$),CM.MKT.LCAP.CD,,,,,,,,,,,,,,,,,,,,,,,,,,,,,,,,,,,,,,,,,,,,154365375.4,248012350,461326003.8,9092539059,19541780000,9589377647,21198623760,20385102199,18316217137,32933061036,
Vanuatu,VUT,Market capitalization of listed companies (current US$),CM.MKT.LCAP.CD,,,,,,,,,,,,,,,,,,,,,,,,,,,,,,,,,,,,,,,,,,,,,,,,,,,,,,
West Bank and Gaza,PSE,Market capitalization of listed companies (current US$),CM.MKT.LCAP.CD,,,,,,,,,,,,,,,,,,,,,,,,,,,,,,,,,,,,,,522903453.1,594785059.9,848484848.5,765468639.9,722841422.1,576099210.8,650468928.1,1096525380,4461214058,2728811088,2474679000,2123057100,2375000000,2450000000,2532469900,2634100000,
World,WLD,Market capitalization of listed companies (current US$),CM.MKT.LCAP.CD,,,,,,,,,,,,,,,,,,,,,,,,,,,,,9.7281E+12,1.17145E+13,9.40353E+12,1.13471E+13,1.09384E+13,1.4017E+13,1.51159E+13,1.77882E+13,2.02527E+13,2.31164E+13,2.69237E+13,3.61081E+13,3.21871E+13,2.79063E+13,2.35093E+13,3.20362E+13,3.81129E+13,4.32097E+13,5.33175E+13,6.44718E+13,3.48719E+13,4.73807E+13,5.41648E+13,4.64991E+13,5.31639E+13,
Samoa,WSM,Market capitalization of listed companies (current US$),CM.MKT.LCAP.CD,,,,,,,,,,,,,,,,,,,,,,,,,,,,,,,,,,,,,,,,,,,,,,,,,,,,,,
"Yemen, Rep.",YEM,Market capitalization of listed companies (current US$),CM.MKT.LCAP.CD,,,,,,,,,,,,,,,,,,,,,,,,,,,,,,,,,,,,,,,,,,,,,,,,,,,,,,
South Africa,ZAF,Market capitalization of listed companies (current US$),CM.MKT.LCAP.CD,,,,,,,,,,,,,,,,,,,,,,,,,,,,,1.26E+11,1.31E+11,1.38E+11,1.68E+11,1.04E+11,1.72E+11,2.26E+11,2.80526E+11,2.41571E+11,2.32069E+11,1.70252E+11,2.62478E+11,2.04952E+11,1.3975E+11,1.84622E+11,2.67745E+11,4.55536E+11,5.65408E+11,7.15025E+11,8.33548E+11,4.91282E+11,7.04822E+11,6.35349E+11,5.22975E+11,6.12308E+11,
"Congo, Dem. Rep.",COD,Market capitalization of listed companies (current US$),CM.MKT.LCAP.CD,,,,,,,,,,,,,,,,,,,,,,,,,,,,,,,,,,,,,,,,,,,,,,,,,,,,,,
Zambia,ZMB,Market capitalization of listed companies (current US$),CM.MKT.LCAP.CD,,,,,,,,,,,,,,,,,,,,,,,,,,,,,,,,,,,,19000000,195000000,705200700.5,301389114.2,280024452.6,235778313.3,253565354.3,233088791.2,749051208.8,454033404.3,988932064.4,1185510488,2345885000,,2804095034,2816725382,4009000000,3003880000,
Zimbabwe,ZWE,Market capitalization of listed companies (current US$),CM.MKT.LCAP.CD,,,,,,,,,,,,,,,,,,,,,,,,,,,,,774000000,1070000000,2400000000,1390000000,628000000,1430000000,1830000000,2038000000,3635000000,1969000000,1310000000,2514392400,2432380000,7972280000,15632100000,4975450000,1941420000,2401690000,26556640000,5332780000,,3829925096,11476483244,10902845012,11816165408,
